0	2000	0	-	vanilla	0	11111	-	5e-4
1	2000	0	2.0	merit	200	1944	results/nonsmooth_nonconvex/socp/SOCPProblem-100-50-50-10000/20260726-125720_MLP_sup_pen_seed0_nepochs1000_lr0.0001_trainsize800_subopt_3_2.0_obj0.1_eq5.0_ineq5.0_lrschedcosine_etamin1e-06/model_200.pt	5e-4
2	2000	1	-	vanilla	0	11111	-	5e-4
3	2000	1	2.0	merit	150	1988	results/nonsmooth_nonconvex/socp/SOCPProblem-100-50-50-10000/20260726-125720_MLP_sup_pen_seed1_nepochs1000_lr0.0001_trainsize800_subopt_3_2.0_obj0.1_eq5.0_ineq5.0_lrschedcosine_etamin1e-06/model_150.pt	5e-4
4	2000	2	-	vanilla	0	11111	-	5e-4
5	2000	2	2.0	merit	200	1944	results/nonsmooth_nonconvex/socp/SOCPProblem-100-50-50-10000/20260726-125720_MLP_sup_pen_seed2_nepochs1000_lr0.0001_trainsize800_subopt_3_2.0_obj0.1_eq5.0_ineq5.0_lrschedcosine_etamin1e-06/model_200.pt	5e-4
6	2000	3	-	vanilla	0	11111	-	5e-4
7	2000	3	2.0	merit	150	1988	results/nonsmooth_nonconvex/socp/SOCPProblem-100-50-50-10000/20260726-125720_MLP_sup_pen_seed3_nepochs1000_lr0.0001_trainsize800_subopt_3_2.0_obj0.1_eq5.0_ineq5.0_lrschedcosine_etamin1e-06/model_150.pt	5e-4
8	2000	0	-	vanilla	0	11111	-	1e-4
9	2000	0	2.0	merit	200	1944	results/nonsmooth_nonconvex/socp/SOCPProblem-100-50-50-10000/20260726-125720_MLP_sup_pen_seed0_nepochs1000_lr0.0001_trainsize800_subopt_3_2.0_obj0.1_eq5.0_ineq5.0_lrschedcosine_etamin1e-06/model_200.pt	1e-4
10	2000	1	-	vanilla	0	11111	-	1e-4
11	2000	1	2.0	merit	150	1988	results/nonsmooth_nonconvex/socp/SOCPProblem-100-50-50-10000/20260726-125720_MLP_sup_pen_seed1_nepochs1000_lr0.0001_trainsize800_subopt_3_2.0_obj0.1_eq5.0_ineq5.0_lrschedcosine_etamin1e-06/model_150.pt	1e-4
12	2000	2	-	vanilla	0	11111	-	1e-4
13	2000	2	2.0	merit	200	1944	results/nonsmooth_nonconvex/socp/SOCPProblem-100-50-50-10000/20260726-125720_MLP_sup_pen_seed2_nepochs1000_lr0.0001_trainsize800_subopt_3_2.0_obj0.1_eq5.0_ineq5.0_lrschedcosine_etamin1e-06/model_200.pt	1e-4
14	2000	3	-	vanilla	0	11111	-	1e-4
15	2000	3	2.0	merit	150	1988	results/nonsmooth_nonconvex/socp/SOCPProblem-100-50-50-10000/20260726-125720_MLP_sup_pen_seed3_nepochs1000_lr0.0001_trainsize800_subopt_3_2.0_obj0.1_eq5.0_ineq5.0_lrschedcosine_etamin1e-06/model_150.pt	1e-4
