0	1850	0	-	vanilla	0	10278	-
1	1850	0	2.0	merit	200	1111	results/nonsmooth_nonconvex/socp/SOCPProblem-100-50-50-10000/20260726-125720_MLP_sup_pen_seed0_nepochs1000_lr0.0001_trainsize800_subopt_3_2.0_obj0.1_eq5.0_ineq5.0_lrschedcosine_etamin1e-06/model_200.pt
2	1850	0	2.0	early	100	1199	results/nonsmooth_nonconvex/socp/SOCPProblem-100-50-50-10000/20260726-125720_MLP_sup_pen_seed0_nepochs1000_lr0.0001_trainsize800_subopt_3_2.0_obj0.1_eq5.0_ineq5.0_lrschedcosine_etamin1e-06/model_100.pt
3	1850	0	2.0	conv	950	444	results/nonsmooth_nonconvex/socp/SOCPProblem-100-50-50-10000/20260726-125720_MLP_sup_pen_seed0_nepochs1000_lr0.0001_trainsize800_subopt_3_2.0_obj0.1_eq5.0_ineq5.0_lrschedcosine_etamin1e-06/model_950.pt
4	1850	0	0.5	merit	750	7409	results/nonsmooth_nonconvex/socp/SOCPProblem-100-50-50-10000/20260726-125645_MLP_sup_pen_seed0_nepochs1000_lr0.0001_trainsize800_subopt_3_0.5_obj0.1_eq5.0_ineq5.0_lrschedcosine_etamin1e-06/model_750.pt
5	1850	0	0.5	early	100	7987	results/nonsmooth_nonconvex/socp/SOCPProblem-100-50-50-10000/20260726-125645_MLP_sup_pen_seed0_nepochs1000_lr0.0001_trainsize800_subopt_3_0.5_obj0.1_eq5.0_ineq5.0_lrschedcosine_etamin1e-06/model_100.pt
6	1850	0	0.5	conv	950	7232	results/nonsmooth_nonconvex/socp/SOCPProblem-100-50-50-10000/20260726-125645_MLP_sup_pen_seed0_nepochs1000_lr0.0001_trainsize800_subopt_3_0.5_obj0.1_eq5.0_ineq5.0_lrschedcosine_etamin1e-06/model_950.pt
7	1850	1	-	vanilla	0	10278	-
8	1850	1	2.0	merit	150	1155	results/nonsmooth_nonconvex/socp/SOCPProblem-100-50-50-10000/20260726-125720_MLP_sup_pen_seed1_nepochs1000_lr0.0001_trainsize800_subopt_3_2.0_obj0.1_eq5.0_ineq5.0_lrschedcosine_etamin1e-06/model_150.pt
9	1850	1	2.0	early	100	1199	results/nonsmooth_nonconvex/socp/SOCPProblem-100-50-50-10000/20260726-125720_MLP_sup_pen_seed1_nepochs1000_lr0.0001_trainsize800_subopt_3_2.0_obj0.1_eq5.0_ineq5.0_lrschedcosine_etamin1e-06/model_100.pt
10	1850	1	2.0	conv	950	444	results/nonsmooth_nonconvex/socp/SOCPProblem-100-50-50-10000/20260726-125720_MLP_sup_pen_seed1_nepochs1000_lr0.0001_trainsize800_subopt_3_2.0_obj0.1_eq5.0_ineq5.0_lrschedcosine_etamin1e-06/model_950.pt
11	1850	1	0.5	merit	800	7365	results/nonsmooth_nonconvex/socp/SOCPProblem-100-50-50-10000/20260726-125645_MLP_sup_pen_seed1_nepochs1000_lr0.0001_trainsize800_subopt_3_0.5_obj0.1_eq5.0_ineq5.0_lrschedcosine_etamin1e-06/model_800.pt
12	1850	1	0.5	early	100	7987	results/nonsmooth_nonconvex/socp/SOCPProblem-100-50-50-10000/20260726-125645_MLP_sup_pen_seed1_nepochs1000_lr0.0001_trainsize800_subopt_3_0.5_obj0.1_eq5.0_ineq5.0_lrschedcosine_etamin1e-06/model_100.pt
13	1850	1	0.5	conv	950	7232	results/nonsmooth_nonconvex/socp/SOCPProblem-100-50-50-10000/20260726-125645_MLP_sup_pen_seed1_nepochs1000_lr0.0001_trainsize800_subopt_3_0.5_obj0.1_eq5.0_ineq5.0_lrschedcosine_etamin1e-06/model_950.pt
14	1850	2	-	vanilla	0	10278	-
15	1850	2	2.0	merit	200	1111	results/nonsmooth_nonconvex/socp/SOCPProblem-100-50-50-10000/20260726-125720_MLP_sup_pen_seed2_nepochs1000_lr0.0001_trainsize800_subopt_3_2.0_obj0.1_eq5.0_ineq5.0_lrschedcosine_etamin1e-06/model_200.pt
16	1850	2	2.0	early	100	1199	results/nonsmooth_nonconvex/socp/SOCPProblem-100-50-50-10000/20260726-125720_MLP_sup_pen_seed2_nepochs1000_lr0.0001_trainsize800_subopt_3_2.0_obj0.1_eq5.0_ineq5.0_lrschedcosine_etamin1e-06/model_100.pt
17	1850	2	2.0	conv	950	444	results/nonsmooth_nonconvex/socp/SOCPProblem-100-50-50-10000/20260726-125720_MLP_sup_pen_seed2_nepochs1000_lr0.0001_trainsize800_subopt_3_2.0_obj0.1_eq5.0_ineq5.0_lrschedcosine_etamin1e-06/model_950.pt
18	1850	2	0.5	merit	500	7632	results/nonsmooth_nonconvex/socp/SOCPProblem-100-50-50-10000/20260726-125645_MLP_sup_pen_seed2_nepochs1000_lr0.0001_trainsize800_subopt_3_0.5_obj0.1_eq5.0_ineq5.0_lrschedcosine_etamin1e-06/model_500.pt
19	1850	2	0.5	early	100	7987	results/nonsmooth_nonconvex/socp/SOCPProblem-100-50-50-10000/20260726-125645_MLP_sup_pen_seed2_nepochs1000_lr0.0001_trainsize800_subopt_3_0.5_obj0.1_eq5.0_ineq5.0_lrschedcosine_etamin1e-06/model_100.pt
20	1850	2	0.5	conv	950	7232	results/nonsmooth_nonconvex/socp/SOCPProblem-100-50-50-10000/20260726-125645_MLP_sup_pen_seed2_nepochs1000_lr0.0001_trainsize800_subopt_3_0.5_obj0.1_eq5.0_ineq5.0_lrschedcosine_etamin1e-06/model_950.pt
21	1850	3	-	vanilla	0	10278	-
22	1850	3	2.0	merit	150	1155	results/nonsmooth_nonconvex/socp/SOCPProblem-100-50-50-10000/20260726-125720_MLP_sup_pen_seed3_nepochs1000_lr0.0001_trainsize800_subopt_3_2.0_obj0.1_eq5.0_ineq5.0_lrschedcosine_etamin1e-06/model_150.pt
23	1850	3	2.0	early	100	1199	results/nonsmooth_nonconvex/socp/SOCPProblem-100-50-50-10000/20260726-125720_MLP_sup_pen_seed3_nepochs1000_lr0.0001_trainsize800_subopt_3_2.0_obj0.1_eq5.0_ineq5.0_lrschedcosine_etamin1e-06/model_100.pt
24	1850	3	2.0	conv	950	444	results/nonsmooth_nonconvex/socp/SOCPProblem-100-50-50-10000/20260726-125720_MLP_sup_pen_seed3_nepochs1000_lr0.0001_trainsize800_subopt_3_2.0_obj0.1_eq5.0_ineq5.0_lrschedcosine_etamin1e-06/model_950.pt
25	1850	3	0.5	merit	700	7454	results/nonsmooth_nonconvex/socp/SOCPProblem-100-50-50-10000/20260726-125645_MLP_sup_pen_seed3_nepochs1000_lr0.0001_trainsize800_subopt_3_0.5_obj0.1_eq5.0_ineq5.0_lrschedcosine_etamin1e-06/model_700.pt
26	1850	3	0.5	early	100	7987	results/nonsmooth_nonconvex/socp/SOCPProblem-100-50-50-10000/20260726-125645_MLP_sup_pen_seed3_nepochs1000_lr0.0001_trainsize800_subopt_3_0.5_obj0.1_eq5.0_ineq5.0_lrschedcosine_etamin1e-06/model_100.pt
27	1850	3	0.5	conv	950	7232	results/nonsmooth_nonconvex/socp/SOCPProblem-100-50-50-10000/20260726-125645_MLP_sup_pen_seed3_nepochs1000_lr0.0001_trainsize800_subopt_3_0.5_obj0.1_eq5.0_ineq5.0_lrschedcosine_etamin1e-06/model_950.pt
