0	1100	0	-	vanilla	0	6111	-
1	1100	1	-	vanilla	0	6111	-
2	1100	2	-	vanilla	0	6111	-
3	1100	3	-	vanilla	0	6111	-
4	1100	4	-	vanilla	0	6111	-
5	1100	5	-	vanilla	0	6111	-
6	1100	6	-	vanilla	0	6111	-
7	1100	7	-	vanilla	0	6111	-
8	1100	0	0.5	merit	750	3243	results/nonsmooth_nonconvex/socp/SOCPProblem-100-50-50-10000/20260726-125645_MLP_sup_pen_seed0_nepochs1000_lr0.0001_trainsize800_subopt_3_0.5_obj0.1_eq5.0_ineq5.0_lrschedcosine_etamin1e-06/model_750.pt
9	1100	1	0.5	merit	750	3243	results/nonsmooth_nonconvex/socp/SOCPProblem-100-50-50-10000/20260726-125645_MLP_sup_pen_seed0_nepochs1000_lr0.0001_trainsize800_subopt_3_0.5_obj0.1_eq5.0_ineq5.0_lrschedcosine_etamin1e-06/model_750.pt
10	1100	2	0.5	merit	750	3243	results/nonsmooth_nonconvex/socp/SOCPProblem-100-50-50-10000/20260726-125645_MLP_sup_pen_seed0_nepochs1000_lr0.0001_trainsize800_subopt_3_0.5_obj0.1_eq5.0_ineq5.0_lrschedcosine_etamin1e-06/model_750.pt
11	1100	3	0.5	merit	750	3243	results/nonsmooth_nonconvex/socp/SOCPProblem-100-50-50-10000/20260726-125645_MLP_sup_pen_seed0_nepochs1000_lr0.0001_trainsize800_subopt_3_0.5_obj0.1_eq5.0_ineq5.0_lrschedcosine_etamin1e-06/model_750.pt
12	1100	4	0.5	merit	750	3243	results/nonsmooth_nonconvex/socp/SOCPProblem-100-50-50-10000/20260726-125645_MLP_sup_pen_seed0_nepochs1000_lr0.0001_trainsize800_subopt_3_0.5_obj0.1_eq5.0_ineq5.0_lrschedcosine_etamin1e-06/model_750.pt
13	1100	5	0.5	merit	750	3243	results/nonsmooth_nonconvex/socp/SOCPProblem-100-50-50-10000/20260726-125645_MLP_sup_pen_seed0_nepochs1000_lr0.0001_trainsize800_subopt_3_0.5_obj0.1_eq5.0_ineq5.0_lrschedcosine_etamin1e-06/model_750.pt
14	1100	6	0.5	merit	750	3243	results/nonsmooth_nonconvex/socp/SOCPProblem-100-50-50-10000/20260726-125645_MLP_sup_pen_seed0_nepochs1000_lr0.0001_trainsize800_subopt_3_0.5_obj0.1_eq5.0_ineq5.0_lrschedcosine_etamin1e-06/model_750.pt
15	1100	7	0.5	merit	750	3243	results/nonsmooth_nonconvex/socp/SOCPProblem-100-50-50-10000/20260726-125645_MLP_sup_pen_seed0_nepochs1000_lr0.0001_trainsize800_subopt_3_0.5_obj0.1_eq5.0_ineq5.0_lrschedcosine_etamin1e-06/model_750.pt
16	1100	0	0.5	early	100	3821	results/nonsmooth_nonconvex/socp/SOCPProblem-100-50-50-10000/20260726-125645_MLP_sup_pen_seed0_nepochs1000_lr0.0001_trainsize800_subopt_3_0.5_obj0.1_eq5.0_ineq5.0_lrschedcosine_etamin1e-06/model_100.pt
17	1100	1	0.5	early	100	3821	results/nonsmooth_nonconvex/socp/SOCPProblem-100-50-50-10000/20260726-125645_MLP_sup_pen_seed0_nepochs1000_lr0.0001_trainsize800_subopt_3_0.5_obj0.1_eq5.0_ineq5.0_lrschedcosine_etamin1e-06/model_100.pt
18	1100	2	0.5	early	100	3821	results/nonsmooth_nonconvex/socp/SOCPProblem-100-50-50-10000/20260726-125645_MLP_sup_pen_seed0_nepochs1000_lr0.0001_trainsize800_subopt_3_0.5_obj0.1_eq5.0_ineq5.0_lrschedcosine_etamin1e-06/model_100.pt
19	1100	3	0.5	early	100	3821	results/nonsmooth_nonconvex/socp/SOCPProblem-100-50-50-10000/20260726-125645_MLP_sup_pen_seed0_nepochs1000_lr0.0001_trainsize800_subopt_3_0.5_obj0.1_eq5.0_ineq5.0_lrschedcosine_etamin1e-06/model_100.pt
20	1100	4	0.5	early	100	3821	results/nonsmooth_nonconvex/socp/SOCPProblem-100-50-50-10000/20260726-125645_MLP_sup_pen_seed0_nepochs1000_lr0.0001_trainsize800_subopt_3_0.5_obj0.1_eq5.0_ineq5.0_lrschedcosine_etamin1e-06/model_100.pt
21	1100	5	0.5	early	100	3821	results/nonsmooth_nonconvex/socp/SOCPProblem-100-50-50-10000/20260726-125645_MLP_sup_pen_seed0_nepochs1000_lr0.0001_trainsize800_subopt_3_0.5_obj0.1_eq5.0_ineq5.0_lrschedcosine_etamin1e-06/model_100.pt
22	1100	6	0.5	early	100	3821	results/nonsmooth_nonconvex/socp/SOCPProblem-100-50-50-10000/20260726-125645_MLP_sup_pen_seed0_nepochs1000_lr0.0001_trainsize800_subopt_3_0.5_obj0.1_eq5.0_ineq5.0_lrschedcosine_etamin1e-06/model_100.pt
23	1100	7	0.5	early	100	3821	results/nonsmooth_nonconvex/socp/SOCPProblem-100-50-50-10000/20260726-125645_MLP_sup_pen_seed0_nepochs1000_lr0.0001_trainsize800_subopt_3_0.5_obj0.1_eq5.0_ineq5.0_lrschedcosine_etamin1e-06/model_100.pt
24	1100	0	0.5	conv	950	3065	results/nonsmooth_nonconvex/socp/SOCPProblem-100-50-50-10000/20260726-125645_MLP_sup_pen_seed0_nepochs1000_lr0.0001_trainsize800_subopt_3_0.5_obj0.1_eq5.0_ineq5.0_lrschedcosine_etamin1e-06/model_950.pt
25	1100	1	0.5	conv	950	3065	results/nonsmooth_nonconvex/socp/SOCPProblem-100-50-50-10000/20260726-125645_MLP_sup_pen_seed0_nepochs1000_lr0.0001_trainsize800_subopt_3_0.5_obj0.1_eq5.0_ineq5.0_lrschedcosine_etamin1e-06/model_950.pt
26	1100	2	0.5	conv	950	3065	results/nonsmooth_nonconvex/socp/SOCPProblem-100-50-50-10000/20260726-125645_MLP_sup_pen_seed0_nepochs1000_lr0.0001_trainsize800_subopt_3_0.5_obj0.1_eq5.0_ineq5.0_lrschedcosine_etamin1e-06/model_950.pt
27	1100	3	0.5	conv	950	3065	results/nonsmooth_nonconvex/socp/SOCPProblem-100-50-50-10000/20260726-125645_MLP_sup_pen_seed0_nepochs1000_lr0.0001_trainsize800_subopt_3_0.5_obj0.1_eq5.0_ineq5.0_lrschedcosine_etamin1e-06/model_950.pt
28	1100	4	0.5	conv	950	3065	results/nonsmooth_nonconvex/socp/SOCPProblem-100-50-50-10000/20260726-125645_MLP_sup_pen_seed0_nepochs1000_lr0.0001_trainsize800_subopt_3_0.5_obj0.1_eq5.0_ineq5.0_lrschedcosine_etamin1e-06/model_950.pt
29	1100	5	0.5	conv	950	3065	results/nonsmooth_nonconvex/socp/SOCPProblem-100-50-50-10000/20260726-125645_MLP_sup_pen_seed0_nepochs1000_lr0.0001_trainsize800_subopt_3_0.5_obj0.1_eq5.0_ineq5.0_lrschedcosine_etamin1e-06/model_950.pt
30	1100	6	0.5	conv	950	3065	results/nonsmooth_nonconvex/socp/SOCPProblem-100-50-50-10000/20260726-125645_MLP_sup_pen_seed0_nepochs1000_lr0.0001_trainsize800_subopt_3_0.5_obj0.1_eq5.0_ineq5.0_lrschedcosine_etamin1e-06/model_950.pt
31	1100	7	0.5	conv	950	3065	results/nonsmooth_nonconvex/socp/SOCPProblem-100-50-50-10000/20260726-125645_MLP_sup_pen_seed0_nepochs1000_lr0.0001_trainsize800_subopt_3_0.5_obj0.1_eq5.0_ineq5.0_lrschedcosine_etamin1e-06/model_950.pt
