0	1100	0	-	vanilla	0	6111	-	1e-4
1	1100	0	0.5	merit	750	3243	results/nonsmooth_nonconvex/socp/SOCPProblem-100-50-50-10000/20260726-125645_MLP_sup_pen_seed0_nepochs1000_lr0.0001_trainsize800_subopt_3_0.5_obj0.1_eq5.0_ineq5.0_lrschedcosine_etamin1e-06/model_750.pt	1e-4
2	1100	1	-	vanilla	0	6111	-	1e-4
3	1100	1	0.5	merit	800	3198	results/nonsmooth_nonconvex/socp/SOCPProblem-100-50-50-10000/20260726-125645_MLP_sup_pen_seed1_nepochs1000_lr0.0001_trainsize800_subopt_3_0.5_obj0.1_eq5.0_ineq5.0_lrschedcosine_etamin1e-06/model_800.pt	1e-4
4	1100	2	-	vanilla	0	6111	-	1e-4
5	1100	2	0.5	merit	500	3465	results/nonsmooth_nonconvex/socp/SOCPProblem-100-50-50-10000/20260726-125645_MLP_sup_pen_seed2_nepochs1000_lr0.0001_trainsize800_subopt_3_0.5_obj0.1_eq5.0_ineq5.0_lrschedcosine_etamin1e-06/model_500.pt	1e-4
6	1100	3	-	vanilla	0	6111	-	1e-4
7	1100	3	0.5	merit	700	3287	results/nonsmooth_nonconvex/socp/SOCPProblem-100-50-50-10000/20260726-125645_MLP_sup_pen_seed3_nepochs1000_lr0.0001_trainsize800_subopt_3_0.5_obj0.1_eq5.0_ineq5.0_lrschedcosine_etamin1e-06/model_700.pt	1e-4
8	1100	0	-	vanilla	0	6111	-	3e-5
9	1100	0	0.5	merit	750	3243	results/nonsmooth_nonconvex/socp/SOCPProblem-100-50-50-10000/20260726-125645_MLP_sup_pen_seed0_nepochs1000_lr0.0001_trainsize800_subopt_3_0.5_obj0.1_eq5.0_ineq5.0_lrschedcosine_etamin1e-06/model_750.pt	3e-5
10	1100	1	-	vanilla	0	6111	-	3e-5
11	1100	1	0.5	merit	800	3198	results/nonsmooth_nonconvex/socp/SOCPProblem-100-50-50-10000/20260726-125645_MLP_sup_pen_seed1_nepochs1000_lr0.0001_trainsize800_subopt_3_0.5_obj0.1_eq5.0_ineq5.0_lrschedcosine_etamin1e-06/model_800.pt	3e-5
12	1100	2	-	vanilla	0	6111	-	3e-5
13	1100	2	0.5	merit	500	3465	results/nonsmooth_nonconvex/socp/SOCPProblem-100-50-50-10000/20260726-125645_MLP_sup_pen_seed2_nepochs1000_lr0.0001_trainsize800_subopt_3_0.5_obj0.1_eq5.0_ineq5.0_lrschedcosine_etamin1e-06/model_500.pt	3e-5
14	1100	3	-	vanilla	0	6111	-	3e-5
15	1100	3	0.5	merit	700	3287	results/nonsmooth_nonconvex/socp/SOCPProblem-100-50-50-10000/20260726-125645_MLP_sup_pen_seed3_nepochs1000_lr0.0001_trainsize800_subopt_3_0.5_obj0.1_eq5.0_ineq5.0_lrschedcosine_etamin1e-06/model_700.pt	3e-5
16	1100	0	-	vanilla	0	6111	-	1e-5
17	1100	0	0.5	merit	750	3243	results/nonsmooth_nonconvex/socp/SOCPProblem-100-50-50-10000/20260726-125645_MLP_sup_pen_seed0_nepochs1000_lr0.0001_trainsize800_subopt_3_0.5_obj0.1_eq5.0_ineq5.0_lrschedcosine_etamin1e-06/model_750.pt	1e-5
18	1100	1	-	vanilla	0	6111	-	1e-5
19	1100	1	0.5	merit	800	3198	results/nonsmooth_nonconvex/socp/SOCPProblem-100-50-50-10000/20260726-125645_MLP_sup_pen_seed1_nepochs1000_lr0.0001_trainsize800_subopt_3_0.5_obj0.1_eq5.0_ineq5.0_lrschedcosine_etamin1e-06/model_800.pt	1e-5
20	1100	2	-	vanilla	0	6111	-	1e-5
21	1100	2	0.5	merit	500	3465	results/nonsmooth_nonconvex/socp/SOCPProblem-100-50-50-10000/20260726-125645_MLP_sup_pen_seed2_nepochs1000_lr0.0001_trainsize800_subopt_3_0.5_obj0.1_eq5.0_ineq5.0_lrschedcosine_etamin1e-06/model_500.pt	1e-5
22	1100	3	-	vanilla	0	6111	-	1e-5
23	1100	3	0.5	merit	700	3287	results/nonsmooth_nonconvex/socp/SOCPProblem-100-50-50-10000/20260726-125645_MLP_sup_pen_seed3_nepochs1000_lr0.0001_trainsize800_subopt_3_0.5_obj0.1_eq5.0_ineq5.0_lrschedcosine_etamin1e-06/model_700.pt	1e-5
