0	2000	0	-	vanilla	0	11111	-
1	2000	0	0.5	merit	750	8243	results/nonsmooth_nonconvex/socp/SOCPProblem-100-50-50-10000/20260726-125645_MLP_sup_pen_seed0_nepochs1000_lr0.0001_trainsize800_subopt_3_0.5_obj0.1_eq5.0_ineq5.0_lrschedcosine_etamin1e-06/model_750.pt
2	2000	0	0.5	early	100	8821	results/nonsmooth_nonconvex/socp/SOCPProblem-100-50-50-10000/20260726-125645_MLP_sup_pen_seed0_nepochs1000_lr0.0001_trainsize800_subopt_3_0.5_obj0.1_eq5.0_ineq5.0_lrschedcosine_etamin1e-06/model_100.pt
3	2000	0	0.5	conv	950	8065	results/nonsmooth_nonconvex/socp/SOCPProblem-100-50-50-10000/20260726-125645_MLP_sup_pen_seed0_nepochs1000_lr0.0001_trainsize800_subopt_3_0.5_obj0.1_eq5.0_ineq5.0_lrschedcosine_etamin1e-06/model_950.pt
4	2000	0	2.0	merit	200	1944	results/nonsmooth_nonconvex/socp/SOCPProblem-100-50-50-10000/20260726-125720_MLP_sup_pen_seed0_nepochs1000_lr0.0001_trainsize800_subopt_3_2.0_obj0.1_eq5.0_ineq5.0_lrschedcosine_etamin1e-06/model_200.pt
5	2000	0	2.0	early	100	2033	results/nonsmooth_nonconvex/socp/SOCPProblem-100-50-50-10000/20260726-125720_MLP_sup_pen_seed0_nepochs1000_lr0.0001_trainsize800_subopt_3_2.0_obj0.1_eq5.0_ineq5.0_lrschedcosine_etamin1e-06/model_100.pt
6	2000	0	2.0	conv	950	1277	results/nonsmooth_nonconvex/socp/SOCPProblem-100-50-50-10000/20260726-125720_MLP_sup_pen_seed0_nepochs1000_lr0.0001_trainsize800_subopt_3_2.0_obj0.1_eq5.0_ineq5.0_lrschedcosine_etamin1e-06/model_950.pt
7	2000	1	-	vanilla	0	11111	-
8	2000	1	0.5	merit	800	8198	results/nonsmooth_nonconvex/socp/SOCPProblem-100-50-50-10000/20260726-125645_MLP_sup_pen_seed1_nepochs1000_lr0.0001_trainsize800_subopt_3_0.5_obj0.1_eq5.0_ineq5.0_lrschedcosine_etamin1e-06/model_800.pt
9	2000	1	0.5	early	100	8821	results/nonsmooth_nonconvex/socp/SOCPProblem-100-50-50-10000/20260726-125645_MLP_sup_pen_seed1_nepochs1000_lr0.0001_trainsize800_subopt_3_0.5_obj0.1_eq5.0_ineq5.0_lrschedcosine_etamin1e-06/model_100.pt
10	2000	1	0.5	conv	950	8065	results/nonsmooth_nonconvex/socp/SOCPProblem-100-50-50-10000/20260726-125645_MLP_sup_pen_seed1_nepochs1000_lr0.0001_trainsize800_subopt_3_0.5_obj0.1_eq5.0_ineq5.0_lrschedcosine_etamin1e-06/model_950.pt
11	2000	1	2.0	merit	150	1988	results/nonsmooth_nonconvex/socp/SOCPProblem-100-50-50-10000/20260726-125720_MLP_sup_pen_seed1_nepochs1000_lr0.0001_trainsize800_subopt_3_2.0_obj0.1_eq5.0_ineq5.0_lrschedcosine_etamin1e-06/model_150.pt
12	2000	1	2.0	early	100	2033	results/nonsmooth_nonconvex/socp/SOCPProblem-100-50-50-10000/20260726-125720_MLP_sup_pen_seed1_nepochs1000_lr0.0001_trainsize800_subopt_3_2.0_obj0.1_eq5.0_ineq5.0_lrschedcosine_etamin1e-06/model_100.pt
13	2000	1	2.0	conv	950	1277	results/nonsmooth_nonconvex/socp/SOCPProblem-100-50-50-10000/20260726-125720_MLP_sup_pen_seed1_nepochs1000_lr0.0001_trainsize800_subopt_3_2.0_obj0.1_eq5.0_ineq5.0_lrschedcosine_etamin1e-06/model_950.pt
14	2000	2	-	vanilla	0	11111	-
15	2000	2	0.5	merit	500	8465	results/nonsmooth_nonconvex/socp/SOCPProblem-100-50-50-10000/20260726-125645_MLP_sup_pen_seed2_nepochs1000_lr0.0001_trainsize800_subopt_3_0.5_obj0.1_eq5.0_ineq5.0_lrschedcosine_etamin1e-06/model_500.pt
16	2000	2	0.5	early	100	8821	results/nonsmooth_nonconvex/socp/SOCPProblem-100-50-50-10000/20260726-125645_MLP_sup_pen_seed2_nepochs1000_lr0.0001_trainsize800_subopt_3_0.5_obj0.1_eq5.0_ineq5.0_lrschedcosine_etamin1e-06/model_100.pt
17	2000	2	0.5	conv	950	8065	results/nonsmooth_nonconvex/socp/SOCPProblem-100-50-50-10000/20260726-125645_MLP_sup_pen_seed2_nepochs1000_lr0.0001_trainsize800_subopt_3_0.5_obj0.1_eq5.0_ineq5.0_lrschedcosine_etamin1e-06/model_950.pt
18	2000	2	2.0	merit	200	1944	results/nonsmooth_nonconvex/socp/SOCPProblem-100-50-50-10000/20260726-125720_MLP_sup_pen_seed2_nepochs1000_lr0.0001_trainsize800_subopt_3_2.0_obj0.1_eq5.0_ineq5.0_lrschedcosine_etamin1e-06/model_200.pt
19	2000	2	2.0	early	100	2033	results/nonsmooth_nonconvex/socp/SOCPProblem-100-50-50-10000/20260726-125720_MLP_sup_pen_seed2_nepochs1000_lr0.0001_trainsize800_subopt_3_2.0_obj0.1_eq5.0_ineq5.0_lrschedcosine_etamin1e-06/model_100.pt
20	2000	2	2.0	conv	950	1277	results/nonsmooth_nonconvex/socp/SOCPProblem-100-50-50-10000/20260726-125720_MLP_sup_pen_seed2_nepochs1000_lr0.0001_trainsize800_subopt_3_2.0_obj0.1_eq5.0_ineq5.0_lrschedcosine_etamin1e-06/model_950.pt
21	2000	3	-	vanilla	0	11111	-
22	2000	3	0.5	merit	700	8287	results/nonsmooth_nonconvex/socp/SOCPProblem-100-50-50-10000/20260726-125645_MLP_sup_pen_seed3_nepochs1000_lr0.0001_trainsize800_subopt_3_0.5_obj0.1_eq5.0_ineq5.0_lrschedcosine_etamin1e-06/model_700.pt
23	2000	3	0.5	early	100	8821	results/nonsmooth_nonconvex/socp/SOCPProblem-100-50-50-10000/20260726-125645_MLP_sup_pen_seed3_nepochs1000_lr0.0001_trainsize800_subopt_3_0.5_obj0.1_eq5.0_ineq5.0_lrschedcosine_etamin1e-06/model_100.pt
24	2000	3	0.5	conv	950	8065	results/nonsmooth_nonconvex/socp/SOCPProblem-100-50-50-10000/20260726-125645_MLP_sup_pen_seed3_nepochs1000_lr0.0001_trainsize800_subopt_3_0.5_obj0.1_eq5.0_ineq5.0_lrschedcosine_etamin1e-06/model_950.pt
25	2000	3	2.0	merit	150	1988	results/nonsmooth_nonconvex/socp/SOCPProblem-100-50-50-10000/20260726-125720_MLP_sup_pen_seed3_nepochs1000_lr0.0001_trainsize800_subopt_3_2.0_obj0.1_eq5.0_ineq5.0_lrschedcosine_etamin1e-06/model_150.pt
26	2000	3	2.0	early	100	2033	results/nonsmooth_nonconvex/socp/SOCPProblem-100-50-50-10000/20260726-125720_MLP_sup_pen_seed3_nepochs1000_lr0.0001_trainsize800_subopt_3_2.0_obj0.1_eq5.0_ineq5.0_lrschedcosine_etamin1e-06/model_100.pt
27	2000	3	2.0	conv	950	1277	results/nonsmooth_nonconvex/socp/SOCPProblem-100-50-50-10000/20260726-125720_MLP_sup_pen_seed3_nepochs1000_lr0.0001_trainsize800_subopt_3_2.0_obj0.1_eq5.0_ineq5.0_lrschedcosine_etamin1e-06/model_950.pt
