0	2000	0	-	vanilla	0	606	-
1	2000	0	0.5	merit	750	450	results/nonsmooth_nonconvex/socp/SOCPProblem-100-50-50-10000/20260726-125645_MLP_sup_pen_seed0_nepochs1000_lr0.0001_trainsize800_subopt_3_0.5_obj0.1_eq5.0_ineq5.0_lrschedcosine_etamin1e-06/model_750.pt
2	2000	0	0.5	early	100	481	results/nonsmooth_nonconvex/socp/SOCPProblem-100-50-50-10000/20260726-125645_MLP_sup_pen_seed0_nepochs1000_lr0.0001_trainsize800_subopt_3_0.5_obj0.1_eq5.0_ineq5.0_lrschedcosine_etamin1e-06/model_100.pt
3	2000	0	0.5	conv	950	440	results/nonsmooth_nonconvex/socp/SOCPProblem-100-50-50-10000/20260726-125645_MLP_sup_pen_seed0_nepochs1000_lr0.0001_trainsize800_subopt_3_0.5_obj0.1_eq5.0_ineq5.0_lrschedcosine_etamin1e-06/model_950.pt
4	2000	0	2.0	merit	200	106	results/nonsmooth_nonconvex/socp/SOCPProblem-100-50-50-10000/20260726-125720_MLP_sup_pen_seed0_nepochs1000_lr0.0001_trainsize800_subopt_3_2.0_obj0.1_eq5.0_ineq5.0_lrschedcosine_etamin1e-06/model_200.pt
5	2000	0	2.0	early	100	111	results/nonsmooth_nonconvex/socp/SOCPProblem-100-50-50-10000/20260726-125720_MLP_sup_pen_seed0_nepochs1000_lr0.0001_trainsize800_subopt_3_2.0_obj0.1_eq5.0_ineq5.0_lrschedcosine_etamin1e-06/model_100.pt
6	2000	0	2.0	conv	950	70	results/nonsmooth_nonconvex/socp/SOCPProblem-100-50-50-10000/20260726-125720_MLP_sup_pen_seed0_nepochs1000_lr0.0001_trainsize800_subopt_3_2.0_obj0.1_eq5.0_ineq5.0_lrschedcosine_etamin1e-06/model_950.pt
7	2000	1	-	vanilla	0	606	-
8	2000	1	0.5	merit	800	447	results/nonsmooth_nonconvex/socp/SOCPProblem-100-50-50-10000/20260726-125645_MLP_sup_pen_seed1_nepochs1000_lr0.0001_trainsize800_subopt_3_0.5_obj0.1_eq5.0_ineq5.0_lrschedcosine_etamin1e-06/model_800.pt
9	2000	1	0.5	early	100	481	results/nonsmooth_nonconvex/socp/SOCPProblem-100-50-50-10000/20260726-125645_MLP_sup_pen_seed1_nepochs1000_lr0.0001_trainsize800_subopt_3_0.5_obj0.1_eq5.0_ineq5.0_lrschedcosine_etamin1e-06/model_100.pt
10	2000	1	0.5	conv	950	440	results/nonsmooth_nonconvex/socp/SOCPProblem-100-50-50-10000/20260726-125645_MLP_sup_pen_seed1_nepochs1000_lr0.0001_trainsize800_subopt_3_0.5_obj0.1_eq5.0_ineq5.0_lrschedcosine_etamin1e-06/model_950.pt
11	2000	1	2.0	merit	150	108	results/nonsmooth_nonconvex/socp/SOCPProblem-100-50-50-10000/20260726-125720_MLP_sup_pen_seed1_nepochs1000_lr0.0001_trainsize800_subopt_3_2.0_obj0.1_eq5.0_ineq5.0_lrschedcosine_etamin1e-06/model_150.pt
12	2000	1	2.0	early	100	111	results/nonsmooth_nonconvex/socp/SOCPProblem-100-50-50-10000/20260726-125720_MLP_sup_pen_seed1_nepochs1000_lr0.0001_trainsize800_subopt_3_2.0_obj0.1_eq5.0_ineq5.0_lrschedcosine_etamin1e-06/model_100.pt
13	2000	1	2.0	conv	950	70	results/nonsmooth_nonconvex/socp/SOCPProblem-100-50-50-10000/20260726-125720_MLP_sup_pen_seed1_nepochs1000_lr0.0001_trainsize800_subopt_3_2.0_obj0.1_eq5.0_ineq5.0_lrschedcosine_etamin1e-06/model_950.pt
14	2000	2	-	vanilla	0	606	-
15	2000	2	0.5	merit	500	462	results/nonsmooth_nonconvex/socp/SOCPProblem-100-50-50-10000/20260726-125645_MLP_sup_pen_seed2_nepochs1000_lr0.0001_trainsize800_subopt_3_0.5_obj0.1_eq5.0_ineq5.0_lrschedcosine_etamin1e-06/model_500.pt
16	2000	2	0.5	early	100	481	results/nonsmooth_nonconvex/socp/SOCPProblem-100-50-50-10000/20260726-125645_MLP_sup_pen_seed2_nepochs1000_lr0.0001_trainsize800_subopt_3_0.5_obj0.1_eq5.0_ineq5.0_lrschedcosine_etamin1e-06/model_100.pt
17	2000	2	0.5	conv	950	440	results/nonsmooth_nonconvex/socp/SOCPProblem-100-50-50-10000/20260726-125645_MLP_sup_pen_seed2_nepochs1000_lr0.0001_trainsize800_subopt_3_0.5_obj0.1_eq5.0_ineq5.0_lrschedcosine_etamin1e-06/model_950.pt
18	2000	2	2.0	merit	200	106	results/nonsmooth_nonconvex/socp/SOCPProblem-100-50-50-10000/20260726-125720_MLP_sup_pen_seed2_nepochs1000_lr0.0001_trainsize800_subopt_3_2.0_obj0.1_eq5.0_ineq5.0_lrschedcosine_etamin1e-06/model_200.pt
19	2000	2	2.0	early	100	111	results/nonsmooth_nonconvex/socp/SOCPProblem-100-50-50-10000/20260726-125720_MLP_sup_pen_seed2_nepochs1000_lr0.0001_trainsize800_subopt_3_2.0_obj0.1_eq5.0_ineq5.0_lrschedcosine_etamin1e-06/model_100.pt
20	2000	2	2.0	conv	950	70	results/nonsmooth_nonconvex/socp/SOCPProblem-100-50-50-10000/20260726-125720_MLP_sup_pen_seed2_nepochs1000_lr0.0001_trainsize800_subopt_3_2.0_obj0.1_eq5.0_ineq5.0_lrschedcosine_etamin1e-06/model_950.pt
21	2000	3	-	vanilla	0	606	-
22	2000	3	0.5	merit	700	452	results/nonsmooth_nonconvex/socp/SOCPProblem-100-50-50-10000/20260726-125645_MLP_sup_pen_seed3_nepochs1000_lr0.0001_trainsize800_subopt_3_0.5_obj0.1_eq5.0_ineq5.0_lrschedcosine_etamin1e-06/model_700.pt
23	2000	3	0.5	early	100	481	results/nonsmooth_nonconvex/socp/SOCPProblem-100-50-50-10000/20260726-125645_MLP_sup_pen_seed3_nepochs1000_lr0.0001_trainsize800_subopt_3_0.5_obj0.1_eq5.0_ineq5.0_lrschedcosine_etamin1e-06/model_100.pt
24	2000	3	0.5	conv	950	440	results/nonsmooth_nonconvex/socp/SOCPProblem-100-50-50-10000/20260726-125645_MLP_sup_pen_seed3_nepochs1000_lr0.0001_trainsize800_subopt_3_0.5_obj0.1_eq5.0_ineq5.0_lrschedcosine_etamin1e-06/model_950.pt
25	2000	3	2.0	merit	150	108	results/nonsmooth_nonconvex/socp/SOCPProblem-100-50-50-10000/20260726-125720_MLP_sup_pen_seed3_nepochs1000_lr0.0001_trainsize800_subopt_3_2.0_obj0.1_eq5.0_ineq5.0_lrschedcosine_etamin1e-06/model_150.pt
26	2000	3	2.0	early	100	111	results/nonsmooth_nonconvex/socp/SOCPProblem-100-50-50-10000/20260726-125720_MLP_sup_pen_seed3_nepochs1000_lr0.0001_trainsize800_subopt_3_2.0_obj0.1_eq5.0_ineq5.0_lrschedcosine_etamin1e-06/model_100.pt
27	2000	3	2.0	conv	950	70	results/nonsmooth_nonconvex/socp/SOCPProblem-100-50-50-10000/20260726-125720_MLP_sup_pen_seed3_nepochs1000_lr0.0001_trainsize800_subopt_3_2.0_obj0.1_eq5.0_ineq5.0_lrschedcosine_etamin1e-06/model_950.pt
28	2800	0	-	vanilla	0	848	-
29	2800	0	0.5	merit	750	692	results/nonsmooth_nonconvex/socp/SOCPProblem-100-50-50-10000/20260726-125645_MLP_sup_pen_seed0_nepochs1000_lr0.0001_trainsize800_subopt_3_0.5_obj0.1_eq5.0_ineq5.0_lrschedcosine_etamin1e-06/model_750.pt
30	2800	0	0.5	early	100	724	results/nonsmooth_nonconvex/socp/SOCPProblem-100-50-50-10000/20260726-125645_MLP_sup_pen_seed0_nepochs1000_lr0.0001_trainsize800_subopt_3_0.5_obj0.1_eq5.0_ineq5.0_lrschedcosine_etamin1e-06/model_100.pt
31	2800	0	0.5	conv	950	682	results/nonsmooth_nonconvex/socp/SOCPProblem-100-50-50-10000/20260726-125645_MLP_sup_pen_seed0_nepochs1000_lr0.0001_trainsize800_subopt_3_0.5_obj0.1_eq5.0_ineq5.0_lrschedcosine_etamin1e-06/model_950.pt
32	2800	0	2.0	merit	200	348	results/nonsmooth_nonconvex/socp/SOCPProblem-100-50-50-10000/20260726-125720_MLP_sup_pen_seed0_nepochs1000_lr0.0001_trainsize800_subopt_3_2.0_obj0.1_eq5.0_ineq5.0_lrschedcosine_etamin1e-06/model_200.pt
33	2800	0	2.0	early	100	353	results/nonsmooth_nonconvex/socp/SOCPProblem-100-50-50-10000/20260726-125720_MLP_sup_pen_seed0_nepochs1000_lr0.0001_trainsize800_subopt_3_2.0_obj0.1_eq5.0_ineq5.0_lrschedcosine_etamin1e-06/model_100.pt
34	2800	0	2.0	conv	950	312	results/nonsmooth_nonconvex/socp/SOCPProblem-100-50-50-10000/20260726-125720_MLP_sup_pen_seed0_nepochs1000_lr0.0001_trainsize800_subopt_3_2.0_obj0.1_eq5.0_ineq5.0_lrschedcosine_etamin1e-06/model_950.pt
35	2800	1	-	vanilla	0	848	-
36	2800	1	0.5	merit	800	690	results/nonsmooth_nonconvex/socp/SOCPProblem-100-50-50-10000/20260726-125645_MLP_sup_pen_seed1_nepochs1000_lr0.0001_trainsize800_subopt_3_0.5_obj0.1_eq5.0_ineq5.0_lrschedcosine_etamin1e-06/model_800.pt
37	2800	1	0.5	early	100	724	results/nonsmooth_nonconvex/socp/SOCPProblem-100-50-50-10000/20260726-125645_MLP_sup_pen_seed1_nepochs1000_lr0.0001_trainsize800_subopt_3_0.5_obj0.1_eq5.0_ineq5.0_lrschedcosine_etamin1e-06/model_100.pt
38	2800	1	0.5	conv	950	682	results/nonsmooth_nonconvex/socp/SOCPProblem-100-50-50-10000/20260726-125645_MLP_sup_pen_seed1_nepochs1000_lr0.0001_trainsize800_subopt_3_0.5_obj0.1_eq5.0_ineq5.0_lrschedcosine_etamin1e-06/model_950.pt
39	2800	1	2.0	merit	150	351	results/nonsmooth_nonconvex/socp/SOCPProblem-100-50-50-10000/20260726-125720_MLP_sup_pen_seed1_nepochs1000_lr0.0001_trainsize800_subopt_3_2.0_obj0.1_eq5.0_ineq5.0_lrschedcosine_etamin1e-06/model_150.pt
40	2800	1	2.0	early	100	353	results/nonsmooth_nonconvex/socp/SOCPProblem-100-50-50-10000/20260726-125720_MLP_sup_pen_seed1_nepochs1000_lr0.0001_trainsize800_subopt_3_2.0_obj0.1_eq5.0_ineq5.0_lrschedcosine_etamin1e-06/model_100.pt
41	2800	1	2.0	conv	950	312	results/nonsmooth_nonconvex/socp/SOCPProblem-100-50-50-10000/20260726-125720_MLP_sup_pen_seed1_nepochs1000_lr0.0001_trainsize800_subopt_3_2.0_obj0.1_eq5.0_ineq5.0_lrschedcosine_etamin1e-06/model_950.pt
42	2800	2	-	vanilla	0	848	-
43	2800	2	0.5	merit	500	704	results/nonsmooth_nonconvex/socp/SOCPProblem-100-50-50-10000/20260726-125645_MLP_sup_pen_seed2_nepochs1000_lr0.0001_trainsize800_subopt_3_0.5_obj0.1_eq5.0_ineq5.0_lrschedcosine_etamin1e-06/model_500.pt
44	2800	2	0.5	early	100	724	results/nonsmooth_nonconvex/socp/SOCPProblem-100-50-50-10000/20260726-125645_MLP_sup_pen_seed2_nepochs1000_lr0.0001_trainsize800_subopt_3_0.5_obj0.1_eq5.0_ineq5.0_lrschedcosine_etamin1e-06/model_100.pt
45	2800	2	0.5	conv	950	682	results/nonsmooth_nonconvex/socp/SOCPProblem-100-50-50-10000/20260726-125645_MLP_sup_pen_seed2_nepochs1000_lr0.0001_trainsize800_subopt_3_0.5_obj0.1_eq5.0_ineq5.0_lrschedcosine_etamin1e-06/model_950.pt
46	2800	2	2.0	merit	200	348	results/nonsmooth_nonconvex/socp/SOCPProblem-100-50-50-10000/20260726-125720_MLP_sup_pen_seed2_nepochs1000_lr0.0001_trainsize800_subopt_3_2.0_obj0.1_eq5.0_ineq5.0_lrschedcosine_etamin1e-06/model_200.pt
47	2800	2	2.0	early	100	353	results/nonsmooth_nonconvex/socp/SOCPProblem-100-50-50-10000/20260726-125720_MLP_sup_pen_seed2_nepochs1000_lr0.0001_trainsize800_subopt_3_2.0_obj0.1_eq5.0_ineq5.0_lrschedcosine_etamin1e-06/model_100.pt
48	2800	2	2.0	conv	950	312	results/nonsmooth_nonconvex/socp/SOCPProblem-100-50-50-10000/20260726-125720_MLP_sup_pen_seed2_nepochs1000_lr0.0001_trainsize800_subopt_3_2.0_obj0.1_eq5.0_ineq5.0_lrschedcosine_etamin1e-06/model_950.pt
49	2800	3	-	vanilla	0	848	-
50	2800	3	0.5	merit	700	694	results/nonsmooth_nonconvex/socp/SOCPProblem-100-50-50-10000/20260726-125645_MLP_sup_pen_seed3_nepochs1000_lr0.0001_trainsize800_subopt_3_0.5_obj0.1_eq5.0_ineq5.0_lrschedcosine_etamin1e-06/model_700.pt
51	2800	3	0.5	early	100	724	results/nonsmooth_nonconvex/socp/SOCPProblem-100-50-50-10000/20260726-125645_MLP_sup_pen_seed3_nepochs1000_lr0.0001_trainsize800_subopt_3_0.5_obj0.1_eq5.0_ineq5.0_lrschedcosine_etamin1e-06/model_100.pt
52	2800	3	0.5	conv	950	682	results/nonsmooth_nonconvex/socp/SOCPProblem-100-50-50-10000/20260726-125645_MLP_sup_pen_seed3_nepochs1000_lr0.0001_trainsize800_subopt_3_0.5_obj0.1_eq5.0_ineq5.0_lrschedcosine_etamin1e-06/model_950.pt
53	2800	3	2.0	merit	150	351	results/nonsmooth_nonconvex/socp/SOCPProblem-100-50-50-10000/20260726-125720_MLP_sup_pen_seed3_nepochs1000_lr0.0001_trainsize800_subopt_3_2.0_obj0.1_eq5.0_ineq5.0_lrschedcosine_etamin1e-06/model_150.pt
54	2800	3	2.0	early	100	353	results/nonsmooth_nonconvex/socp/SOCPProblem-100-50-50-10000/20260726-125720_MLP_sup_pen_seed3_nepochs1000_lr0.0001_trainsize800_subopt_3_2.0_obj0.1_eq5.0_ineq5.0_lrschedcosine_etamin1e-06/model_100.pt
55	2800	3	2.0	conv	950	312	results/nonsmooth_nonconvex/socp/SOCPProblem-100-50-50-10000/20260726-125720_MLP_sup_pen_seed3_nepochs1000_lr0.0001_trainsize800_subopt_3_2.0_obj0.1_eq5.0_ineq5.0_lrschedcosine_etamin1e-06/model_950.pt
