0	2800	0	1.5	merit	200	484	results/nonsmooth_nonconvex/socp/SOCPProblem-100-50-50-10000/20260726-142216_MLP_sup_pen_seed0_nepochs1000_lr0.0001_trainsize800_subopt_3_1.5_obj0.1_eq5.0_ineq5.0_lrschedcosine_etamin1e-06/model_200.pt
1	2800	0	1.5	early	100	489	results/nonsmooth_nonconvex/socp/SOCPProblem-100-50-50-10000/20260726-142216_MLP_sup_pen_seed0_nepochs1000_lr0.0001_trainsize800_subopt_3_1.5_obj0.1_eq5.0_ineq5.0_lrschedcosine_etamin1e-06/model_100.pt
2	2800	0	1.5	conv	950	447	results/nonsmooth_nonconvex/socp/SOCPProblem-100-50-50-10000/20260726-142216_MLP_sup_pen_seed0_nepochs1000_lr0.0001_trainsize800_subopt_3_1.5_obj0.1_eq5.0_ineq5.0_lrschedcosine_etamin1e-06/model_950.pt
3	2800	1	1.5	merit	400	474	results/nonsmooth_nonconvex/socp/SOCPProblem-100-50-50-10000/20260726-142216_MLP_sup_pen_seed1_nepochs1000_lr0.0001_trainsize800_subopt_3_1.5_obj0.1_eq5.0_ineq5.0_lrschedcosine_etamin1e-06/model_400.pt
4	2800	1	1.5	early	100	489	results/nonsmooth_nonconvex/socp/SOCPProblem-100-50-50-10000/20260726-142216_MLP_sup_pen_seed1_nepochs1000_lr0.0001_trainsize800_subopt_3_1.5_obj0.1_eq5.0_ineq5.0_lrschedcosine_etamin1e-06/model_100.pt
5	2800	1	1.5	conv	950	447	results/nonsmooth_nonconvex/socp/SOCPProblem-100-50-50-10000/20260726-142216_MLP_sup_pen_seed1_nepochs1000_lr0.0001_trainsize800_subopt_3_1.5_obj0.1_eq5.0_ineq5.0_lrschedcosine_etamin1e-06/model_950.pt
6	2800	2	1.5	merit	150	486	results/nonsmooth_nonconvex/socp/SOCPProblem-100-50-50-10000/20260726-142527_MLP_sup_pen_seed2_nepochs1000_lr0.0001_trainsize800_subopt_3_1.5_obj0.1_eq5.0_ineq5.0_lrschedcosine_etamin1e-06/model_150.pt
7	2800	2	1.5	early	100	489	results/nonsmooth_nonconvex/socp/SOCPProblem-100-50-50-10000/20260726-142527_MLP_sup_pen_seed2_nepochs1000_lr0.0001_trainsize800_subopt_3_1.5_obj0.1_eq5.0_ineq5.0_lrschedcosine_etamin1e-06/model_100.pt
8	2800	2	1.5	conv	950	447	results/nonsmooth_nonconvex/socp/SOCPProblem-100-50-50-10000/20260726-142527_MLP_sup_pen_seed2_nepochs1000_lr0.0001_trainsize800_subopt_3_1.5_obj0.1_eq5.0_ineq5.0_lrschedcosine_etamin1e-06/model_950.pt
9	2800	3	1.5	merit	150	486	results/nonsmooth_nonconvex/socp/SOCPProblem-100-50-50-10000/20260726-142527_MLP_sup_pen_seed3_nepochs1000_lr0.0001_trainsize800_subopt_3_1.5_obj0.1_eq5.0_ineq5.0_lrschedcosine_etamin1e-06/model_150.pt
10	2800	3	1.5	early	100	489	results/nonsmooth_nonconvex/socp/SOCPProblem-100-50-50-10000/20260726-142527_MLP_sup_pen_seed3_nepochs1000_lr0.0001_trainsize800_subopt_3_1.5_obj0.1_eq5.0_ineq5.0_lrschedcosine_etamin1e-06/model_100.pt
11	2800	3	1.5	conv	950	447	results/nonsmooth_nonconvex/socp/SOCPProblem-100-50-50-10000/20260726-142527_MLP_sup_pen_seed3_nepochs1000_lr0.0001_trainsize800_subopt_3_1.5_obj0.1_eq5.0_ineq5.0_lrschedcosine_etamin1e-06/model_950.pt
