B,seed,q,arm,k,ep,eq_violation_l1_mean,ineq_violation_l1_mean,opt_gap_mean,merit_mean
2000,0,-,vanilla,0,606,8.465307e-05,2.826486e-07,7.286038e+00,8.747479e+01
2000,1,-,vanilla,0,606,4.084053e-05,3.673879e-07,-9.167049e+00,3.759298e+01
2000,2,-,vanilla,0,606,5.455017e-05,5.590712e-07,2.059767e+01,6.215455e+01
2000,3,-,vanilla,0,606,9.998278e-05,5.638349e-07,2.558435e+00,1.007768e+02
2000,0,0.5,conv,950,440,3.653986e-05,5.100832e-07,-8.763788e+00,3.374269e+01
2000,1,0.5,conv,950,440,9.064325e-05,4.953716e-07,-8.108031e+00,8.786201e+01
2000,2,0.5,conv,950,440,9.800515e-05,3.036779e-07,-8.060388e+00,9.502785e+01
2000,3,0.5,conv,950,440,1.052486e-04,4.330422e-07,-8.054999e+00,1.024224e+02
2000,0,0.5,early,100,481,1.224217e-04,6.262352e-07,-4.415046e+00,1.200266e+02
2000,1,0.5,early,100,481,7.685097e-05,5.145407e-07,3.314932e+00,7.773699e+01
2000,2,0.5,early,100,481,9.424280e-05,3.330630e-07,7.295511e+00,9.711309e+01
2000,3,0.5,early,100,481,9.787169e-05,5.292574e-07,-7.986682e+00,9.514638e+01
2000,0,0.5,merit,750,450,2.866925e-05,5.347126e-07,-8.738012e+00,2.579053e+01
2000,1,0.5,merit,800,447,7.606483e-05,4.064119e-07,-8.063246e+00,7.317480e+01
2000,2,0.5,merit,500,462,9.168224e-05,3.977554e-07,-8.103606e+00,8.877828e+01
2000,3,0.5,merit,700,452,8.842863e-05,6.206841e-07,-8.114809e+00,8.575665e+01
2000,0,2.0,conv,950,70,8.626610e-05,4.921718e-07,-2.441748e-01,8.626107e+01
2000,1,2.0,conv,950,70,7.973126e-05,4.717001e-07,-3.261801e-02,7.978626e+01
2000,2,2.0,conv,950,70,9.756837e-05,4.991608e-07,1.743625e-02,9.762313e+01
2000,3,2.0,conv,950,70,8.910150e-05,5.474540e-07,-1.395216e-02,8.920139e+01
2000,0,2.0,early,100,111,8.609303e-05,3.497409e-07,6.336671e+00,8.882246e+01
2000,1,2.0,early,100,111,3.444825e-05,2.798735e-07,-3.599534e+00,3.284975e+01
2000,2,2.0,early,100,111,6.268220e-05,4.552469e-07,-5.741036e+00,6.091868e+01
2000,3,2.0,early,100,111,7.817637e-05,4.166256e-07,-9.973716e-01,7.772443e+01
2000,0,2.0,merit,200,106,7.898178e-05,5.634498e-07,-3.218910e-01,7.905696e+01
2000,1,2.0,merit,150,108,6.754731e-05,1.188906e-07,-3.677849e+00,6.570788e+01
2000,2,2.0,merit,200,106,6.917886e-05,4.210889e-07,-2.287568e-01,6.912207e+01
2000,3,2.0,merit,150,108,1.048689e-04,1.460690e-07,-1.148131e+00,1.043101e+02
2800,0,-,vanilla,0,848,8.022061e-05,3.709011e-07,9.960969e+00,8.389123e+01
2800,0,0.5,conv,950,682,3.839476e-05,3.875149e-07,-8.798614e+00,3.528368e+01
2800,0,0.5,early,100,724,9.740237e-05,5.083022e-07,-4.424505e+00,9.488604e+01
2800,0,0.5,merit,750,692,2.951722e-05,3.541407e-07,-9.024978e+00,2.635213e+01
2800,0,2.0,conv,950,312,2.957171e-05,5.149103e-07,9.917567e-01,2.988379e+01
2800,0,2.0,merit,200,348,3.521957e-05,4.868223e-07,-1.233295e+00,3.487485e+01
