B,seed,q,arm,k,ep,merit_mean,eq_violation_l1_mean,ineq_violation_l1_mean,objective,opt_gap_mean
1100.0,0,0.5,conv,950,3065,7.568334e+05,7.416273e-01,1.520913e-02,-2.942490e+00,-7.279348e+00
1100.0,1,0.5,conv,950,3065,6.874639e+05,6.715737e-01,1.589176e-02,-1.642087e+00,-3.364038e+00
1100.0,2,0.5,conv,950,3065,7.117892e+05,6.927466e-01,1.904532e-02,-2.719584e+00,-7.374922e+00
1100.0,3,0.5,conv,950,3065,7.544080e+05,7.383216e-01,1.608925e-02,-2.816654e+00,-7.251959e+00
1100.0,4,0.5,conv,950,3065,6.717033e+05,6.627472e-01,8.956655e-03,-5.346500e-01,2.630637e-01
1100.0,5,0.5,conv,950,3065,7.413519e+05,7.216293e-01,1.972292e-02,-2.599913e-01,4.692159e-01
1100.0,6,0.5,conv,950,3065,7.286421e+05,7.115618e-01,1.708308e-02,-2.807374e+00,-7.246102e+00
1100.0,7,0.5,conv,950,3065,7.893838e+05,7.566037e-01,3.277836e-02,1.727777e+00,3.113550e+00
1100.0,0,0.5,early,100,3821,7.007101e+05,6.852753e-01,1.543532e-02,-4.954362e-01,4.142217e-01
1100.0,1,0.5,early,100,3821,6.843543e+05,6.726103e-01,1.174316e-02,8.355846e-01,4.428621e+00
1100.0,2,0.5,early,100,3821,6.538064e+05,6.422769e-01,1.152870e-02,8.162190e-01,4.199220e+00
1100.0,3,0.5,early,100,3821,6.976794e+05,6.786707e-01,1.901169e-02,-2.945164e+00,-7.440387e+00
1100.0,4,0.5,early,100,3821,6.532663e+05,6.436430e-01,9.617930e-03,5.394570e+00,1.626000e+01
1100.0,5,0.5,early,100,3821,7.027910e+05,6.847533e-01,1.803190e-02,5.716037e+00,1.646921e+01
1100.0,6,0.5,early,100,3821,6.934259e+05,6.852290e-01,8.193710e-03,3.245618e+00,8.880013e+00
1100.0,7,0.5,early,100,3821,7.144772e+05,6.956383e-01,1.883130e-02,7.545659e+00,2.189125e+01
1100.0,0,0.5,merit,750,3243,6.604026e+05,6.452632e-01,1.514230e-02,-2.951455e+00,-7.409504e+00
1100.0,1,0.5,merit,800,3198,7.379097e+05,7.221513e-01,1.576116e-02,-2.723451e+00,-7.037896e+00
1100.0,2,0.5,merit,500,3465,7.190775e+05,7.019701e-01,1.711023e-02,-2.907204e+00,-7.555166e+00
1100.0,3,0.5,merit,700,3287,7.316468e+05,7.158169e-01,1.583281e-02,-2.879688e+00,-7.334165e+00
1100.0,4,0.5,merit,850,3154,7.359816e+05,7.259913e-01,9.990958e-03,-6.472266e-01,-8.961181e-02
1100.0,5,0.5,merit,650,3332,7.349213e+05,7.225988e-01,1.232316e-02,-6.289427e-01,-6.935066e-02
1100.0,6,0.5,merit,650,3332,7.077338e+05,6.899162e-01,1.782047e-02,-2.889213e+00,-7.467583e+00
1100.0,7,0.5,merit,800,3198,8.022621e+05,7.724840e-01,2.977634e-02,1.708276e+00,3.047273e+00
1100.0,0,-,vanilla,0,6111,6.612219e+05,6.534625e-01,7.757519e-03,1.821223e+00,5.223027e+00
1100.0,1,-,vanilla,0,6111,7.483476e+05,7.206403e-01,2.770985e-02,-2.585976e+00,-5.125189e+00
1100.0,2,-,vanilla,0,6111,7.288780e+05,7.023348e-01,2.654573e-02,-2.535677e+00,-4.999675e+00
1100.0,3,-,vanilla,0,6111,6.885265e+05,6.817276e-01,6.799208e-03,-3.162963e-01,1.081722e+00
1100.0,4,-,vanilla,0,6111,6.766165e+05,6.585455e-01,1.806343e-02,7.539640e+00,2.192011e+01
1100.0,5,-,vanilla,0,6111,6.717234e+05,6.492734e-01,2.244252e-02,7.536501e+00,2.205584e+01
1100.0,6,-,vanilla,0,6111,6.871099e+05,6.771944e-01,9.915988e-03,-4.564937e-01,7.521449e-01
1100.0,7,-,vanilla,0,6111,6.559141e+05,6.446024e-01,1.130738e-02,4.330729e+00,1.186338e+01
